타임스탬프,본인의 MBTI 유형을 알고 계시다면 작성해 주세요. , Q1. 도슨트 로봇의 설명 시작 방식에 대한 선호도  ,Q1에서 문항을 선택한 이유,"  Q2. 도슨트 AI 로봇이 그림 앞에서 자동으로 음성 설명을 들려주는 기능이 있다면, 어떤 방식으로 듣고 싶으신가요?  ",Q2에서 문항을 선택한 이유,Q3. 무선 이어폰 연결 방식에 대한 선호도 ,Q3에서 문항을 선택한 이유,"  Q4. 도슨트 AI 로봇과 상호작용할 수 있다면, 어떤 방식이 가장 편하신가요?  ",Q4에서 문항을 선택한 이유,"Q5. 도슨트 AI 로봇이 사진을 찍어주는 기능이 있다면, 이용할 때의 장점",추가 의견이 있으시다면 자유롭게 작성해주세요. ,
2025/04/10 10:58:10 오후 GMT+9,intp,관람객이 요청하거나 버튼/앱을 눌렀을 때만 설명하는 방식,,무선이어폰으로 개별 청취,,개인 스마트폰 앱을 통한 연결,,스마트폰 앱을 통한 조작,,아니오,,예
2025/04/11 7:37:39 오후 GMT+9,Infj,로봇이 자동으로 설명을 시작하는 방식,"1. 버튼을 눌러야 한다는 건 로봇이 설명을 해준다는 사실을 한번 인지하는 과정이 필요하고, 어떠한 사소한 동작이 한번 더 필요하다보니 상대적으로 접근성이 떨어진다고 생각했음

2. 미술관에서 설명을 들었던 기억을 떠올려보면 입장 후 설명 중인걸 발견하고 가서 같이 들은 경험이 많음

3. 목적에 따라 다르겠지만 많은 사람들에게 쉽게 접근하기 위함이라면 자동 설명 방식이 더 나은 것 같음



",로봇 내장 스피커로 청취,"Q1번과 같은 이유

+ 같이 보러 온 사람과 듣는 상황을 고려했을때나
   각각의 작품을 보기 위해 이동할 때를 고려했을 때나 
내장 스피커가 낫다고 생각함",도슨트 로봇에 바로 블루투스 연결,"Q1과 같은 맥락

+ 전시 관람 당시 앱 설치 과정에서 긴 시간이 소요되 불편함을 느꼈음",화면 터치를 통한 조작,가장 짧고 편리한 과정이라 생각함,"전시는 다른사람과도 보는 경우가 많다보니
같이 기록용으로 찍기 좋겠다는 생각이 듬",강동 바보 ,
2025/04/11 7:46:46 오후 GMT+9,ENFP,상황에 따라 선택할 수 있는 옵션이 제공,조금 더 관람 하고 싶거나 상황에 따라 유동성이 필요 할 것 같아서,무선이어폰으로 개별 청취,다른 소음에 방해 받지 않고 개인적으로 듣고 싶음,도슨트 로봇에 바로 블루투스 연결,덜 귀찮을 것 같다,화면 터치를 통한 조작,음성 명령 선호하지 않음,혼자 여행을 하더라도 작품과 함께 사진 찍을 수 있을 것 같다,,
2025/04/11 7:55:41 오후 GMT+9,intj,상황에 따라 선택할 수 있는 옵션이 제공,사람마다 알고자 하는 지식에는 차이가 있기에,무선이어폰으로 개별 청취,타인이 원한다는 이유로 나에게 흥미 없는 내용을 듣는다면 작품에 대한 몰입과 감상하는 집중력이 흐트러질 수 있기에,도슨트 로봇에 바로 블루투스 연결,,화면 터치를 통한 조작,미술관이나 전시관에서 대화를 통해 의사소통을 한다는 것은 타인의 감상을 깨는 행위이기에,작품을 사진으로 남기고 싶다는 생각을 내려놓을 수 있기에 작품을 감상하는 순간에 더 깊이 몰입할 수 있다.,,
2025/04/11 8:09:49 오후 GMT+9,Istj,관람객이 요청하거나 버튼/앱을 눌렀을 때만 설명하는 방식,자동으로 설명하면 설명이 필요한 사람에게는 설명이 되지 않을 수 있고 오류날거같음,로봇 내장 스피커로 청취,무선이어폰은 착용하기 귀찮아서 안 들으려고할듯,도슨트 로봇에 바로 블루투스 연결,앱을 다운해야하는 귀찮음+ 연령대에 따라 앱 다운에 어려움이 있을 수 있음,음성 명령으로 대화,직접 소통하듯이 하면 더 흥미로울거같음,추억 생성,,
2025/04/11 8:12:00 오후 GMT+9,ESTJ,관람객이 요청하거나 버튼/앱을 눌렀을 때만 설명하는 방식,"작품 감상 후 설명을 필요로 하는 때에, 필요로 하는 작품만 선택적으로 들을 수 있어서",무선이어폰으로 개별 청취," 다양한 작품들 사이에서 각각 설명이 나온다면 소란스럽고, 산만한 분위기가 되어서 작품 감상에 방해가 될 것 같음",도슨트 로봇에 바로 블루투스 연결,별도 앱 설치 과정이 불필요하고 간편 할 것 같기 때문,화면 터치를 통한 조작,"별도 앱 설치도 불필요하고, 소란스러워서 음성 인식이 잘 안 될 염려도 없기 때문",어떤 상황에서 사진을 찍어주는지는 모르겠으나 보통 작품 부근에서 사진 촬영이 불가한 경우가 많은데 로봇이 사진을 찍어준다면 기념이 될 것 같음,,
2025/04/11 8:12:27 오후 GMT+9,Intp,상황에 따라 선택할 수 있는 옵션이 제공,편리해서,무선이어폰으로 개별 청취,개인별로 한명 한명 적합하기 때문에,도슨트 로봇에 바로 블루투스 연결,앱설치의 귀찮음,화면 터치를 통한 조작,간편하기 때문에,찍어줄 상대방이 필요하지 않다는 장점,,
2025/04/11 8:13:51 오후 GMT+9,ESTJ,관람객이 요청하거나 버튼/앱을 눌렀을 때만 설명하는 방식,필요로 한 설명만 듣고싶기 때문입니다,무선이어폰으로 개별 청취,듣다가 이해가 되지 않는 부분은 다시 들을 수 있기 때문에 개별청취 원합니다,도슨트 로봇에 바로 블루투스 연결,편리하기 때문입니다,스마트폰 앱을 통한 조작,,타이머 맞추지 않고 편하게 단체사진 찍을 수 있다,,
2025/04/11 8:16:08 오후 GMT+9,intj,관람객이 요청하거나 버튼/앱을 눌렀을 때만 설명하는 방식,,무선이어폰으로 개별 청취,,도슨트 로봇에 바로 블루투스 연결,,스마트폰 앱을 통한 조작,,혼자 있을 때도 어려움 없이 찍을 수 있음,,
2025/04/11 8:18:00 오후 GMT+9,ENTP,관람객이 요청하거나 버튼/앱을 눌렀을 때만 설명하는 방식,필여하지 않은 사람에게까지 로봇을 사용할 필요는 없다고 생각한다.,무선이어폰으로 개별 청취,듣고 싶지않은 사람도 있을 수도 있고 선택 사항이긴 때문에 가볼로 청취해야한다.,도슨트 로봇에 바로 블루투스 연결,앱을 까는 것은 귀찮다고 느끼는 사람이 많을 것 같다.,화면 터치를 통한 조작,글을 직접 읽고 누르는 게 정확하다.,포토스팟을 지정해서 잘 찍어줄 것 같다.,,
2025/04/11 8:29:11 오후 GMT+9,Estj,관람객이 요청하거나 버튼/앱을 눌렀을 때만 설명하는 방식,내가 선택 할 수 있다는 것이 좋아서,무선이어폰으로 개별 청취,나만 듣는게 좋아서,개인 스마트폰 앱을 통한 연결,바로 연결 보단 내가 선택해서 연결 되는 것이 좋아서,스마트폰 앱을 통한 조작,프라이빗 하니깐,모르겠다,없음,
2025/04/11 8:30:03 오후 GMT+9,ENTP,관람객이 요청하거나 버튼/앱을 눌렀을 때만 설명하는 방식,"미술관에 갔을 때 내 속도에 맞게 설명 듣고싶고, 딱히 설명을 듣고 싶지 않고 온전히 즐기고 싶은 작품도 있기 때문",무선이어폰으로 개별 청취,내장스피커로 하면 시끄러울 수도,개인 스마트폰 앱을 통한 연결,블루투스연결 잘 안될때가 있음,스마트폰 앱을 통한 조작,스마트폰 앱 설치하면 연결되는 방식으로 하면 좋을듯,"굳이 스럽긴하나, 단체사진 찍기 좋을 듯. 이왕이면 사진찍어주고 연동된 어플에 전송해주면 될 듯",,
2025/04/11 8:36:17 오후 GMT+9,INFP,상황에 따라 선택할 수 있는 옵션이 제공,자동으로 도슨트 로봇이 설명해주어 도슨트에 크게 관심이 없는 사람들도 뜻깊은 경험을 할 수 있을 것 같습니다. ,로봇 내장 스피커로 청취,이어폰을 끼면 혼자 온 것 같은 기분이 들 것 같습니다. 같이 왔을때 작품을 보며 소감을 자유롭게 나누고싶다.,도슨트 로봇에 바로 블루투스 연결,앱 다운이 귀찮습니다.,음성 명령으로 대화,실제 도슨트 직원과 상호작용했을때의 장점이 로봇에게도 있으면 좋겠습니다.,장점이 있을지 모르겠습니다.,,
2025/04/11 9:10:50 오후 GMT+9,INFJ,관람객이 요청하거나 버튼/앱을 눌렀을 때만 설명하는 방식,궁금한 작품에 대해서만 설명을 듣고싶다,무선이어폰으로 개별 청취,사람마다 작품 감상시간이 다르기 때문,개인 스마트폰 앱을 통한 연결,그냥 ,음성 명령으로 대화,상호작용할 수 있다면 사람처럼 대화가능한게 더 흥미로울꺼 같다,별로일꺼같다 미술관은 작품감상이 목적이지 사진찍으러가는곳이 아니라고 생각한다,,
2025/04/11 9:34:29 오후 GMT+9,enfj,관람객이 요청하거나 버튼/앱을 눌렀을 때만 설명하는 방식,너무 말 많으면 감상에 방해가 될거같아욥,로봇 내장 스피커로 청취,"무선이어폰 개인용으로 연결하기도 불편
공용걸로 사기에도 돈낭비",개인 스마트폰 앱을 통한 연결,로봇과 다중연결? 뭔가 불안해요,스마트폰 앱을 통한 조작,제일 불편함없구 편해용,미술관같은 곳에서는 요새 젊은 사람들은 감성샷 등을 위해 구도같은거에 신경을 많이 쓰는데 솔직히 도슨트 로봇이 그 정도 수준이될지.. 수준만 된다면 혼자온 사람들도 넘 편할거같아요,,
2025/04/11 10:20:40 오후 GMT+9,esfp,관람객이 요청하거나 버튼/앱을 눌렀을 때만 설명하는 방식,관람객이 참여함으로서 더 관심을 받을수있을것같다,로봇 내장 스피커로 청취,무선이어폰을 껴야하는 번거로움을 덜 것이다,도슨트 로봇에 바로 블루투스 연결,개인스마트폰에 앱을 설치하는것이 반감이 생길수있을것같음,음성 명령으로 대화,제일 간편해서,혼자오는사람도 추억을 남길수있을것같다,,
2025/04/11 10:26:02 오후 GMT+9,ENTJ,관람객이 요청하거나 버튼/앱을 눌렀을 때만 설명하는 방식,"듣고 싶은 경우 눌러서 듣는 것은 어렵지 않음
반대로 듣고 싶지 않은 경우에 자동 재생되면 대안이 없음",로봇 내장 스피커로 청취,"1. 무선 이어폰이 제공되는 경우: 그림마다 배부 받고 꼽고 빼고 귀찮음
2. 무선 이어폰이 본인 것인 경우: 아직까지는 별도의 노력 없이 부드럽고 편하게 연동 되기 어려워 보임 (사용감이 충분히 좋다면 메리트 있을 듯)",개인 스마트폰 앱을 통한 연결,미술관(박물관) 내 작품 간 거리가 멀지 않기 때문에 신호 간섭 및 원치 않는 연결&해제 (예를 들어 이미 등록된 이전 작품 근처를 우연히 지나갈 때 자동으로 연결됨),스마트폰 앱을 통한 조작,현재 이어폰 마이크 성능 상 주변 소리가 너무 유입돼서 음성 명령은 힘들 것 같고 스마트폰으로 연결한 김에 제어까지?,저는 여자친구한테 찍어달라 할게요,,
2025/04/11 11:38:58 오후 GMT+9,Enfp,관람객이 요청하거나 버튼/앱을 눌렀을 때만 설명하는 방식,필요에의해내가선택하고싶어서,무선이어폰으로 개별 청취,좋은 음질로 정확히 듣고싶어서,도슨트 로봇에 바로 블루투스 연결,개인스마트폰 연결 귀찮아서,화면 터치를 통한 조작,편해서,혼자 방문했을 때 편함 그리고 애초에 혼자 방뮨하기도 편함,,
2025/04/12 6:34:02 오전 GMT+9,,로봇이 자동으로 설명을 시작하는 방식,"1. 미술관에 작품이 1000개 있다면, 처음 관람하면 많은 작품중에 뭐가 중요하고 꼭 봐야 되는지 잘 모르므로 중요한 작품 위주로 ai가 자동 선별하여 데리고 다니거나 해당 작품위치로 이동요청해 설명하고 해주고, 
2. 관람객  취향이 다르므로  설명시 상세히 설명해줘, 중요부분 요약해줘, 또는 스킵해줘 기능 
3. 위 2번사항 관람객의 설명 요청, 성별, 나이등을 취향을 파악해서 꼭 봐야할 중요한 작품 외에는 관람객 취향을 반영해 ai가 고개 및 설명는 작품이 각자 다를수 있음",무선이어폰으로 개별 청취,설명 내용이 각자 다를수 있으므로 다른 사람과 간섭을 피하기 위해,도슨트 로봇에 바로 블루투스 연결,내폰에 앱연결등 귀찮음,음성 명령으로 대화,,사진 찍기 위해 신경을 덜 쓰니까 관람에 더 집중할 수 있음,"작품의 퀄리티 및 관람객 선호도에 따라 설명 분량을 다르게 또는 요약 밎 스킵 하며 재미있게 설명하여 관람객이 지루하지 않게 설명, 취향에 맞게 지루하지 않게 하는게 중요함",
2025/04/12 6:41:00 오전 GMT+9,ISTJ,관람객이 요청하거나 버튼/앱을 눌렀을 때만 설명하는 방식,"미술관과 전시관은 어떠한 작품을 감상하고 본인의 생각을 정리하는 것도 중요하다고 생각되어지는데,  
선택할 수 없이 자동으로 설명이 시작되면 내 생각이라는 것을 못하고 틀에 박힐 것 같아서 ",무선이어폰으로 개별 청취,개인적으로 조용히 감상하고 싶을 것 같아서,도슨트 로봇에 바로 블루투스 연결,앱 깔아야되면 귀찮아서 안 들을수도 있을 것 같아요,화면 터치를 통한 조작,"대화하면 여기저기 다 떠들어서 시끄러울 것 같고, 스마트폰 앱으로 하자니 또 깔아서 들어야되는 번거로움이 있을 것 같아요",혼자가면 좋을 것 같아요,,
2025/04/12 11:10:36 오전 GMT+9,ESTP,관람객이 요청하거나 버튼/앱을 눌렀을 때만 설명하는 방식,궁금한 작품만 알고싶음,둘다 지원되면 좋겠음,,도슨트 로봇에 바로 블루투스 연결,,화면 터치를 통한 조작,,사용함,,
2025/04/12 11:16:55 오전 GMT+9,,관람객이 요청하거나 버튼/앱을 눌렀을 때만 설명하는 방식,,무선이어폰으로 개별 청취,,도슨트 로봇에 바로 블루투스 연결,,음성 명령으로 대화,,음성으로 설정할 수 있으므로 편리할 것 같다.,나이가든 어르신들도 편리하게 사용할 수 있는 음성 메시지가 편리할 것 같다라는 생각이 듬,
2025/04/12 1:30:31 오후 GMT+9,Infp,관람객이 요청하거나 버튼/앱을 눌렀을 때만 설명하는 방식,듣기 싫은건 안듣고 싶오 동혁아,무선이어폰으로 개별 청취,이건 어려운데 그냥 잘 알아듣게,도슨트 로봇에 바로 블루투스 연결,로보트가 알아서 해야지 남 핸드폰 건드는거 아니다,음성 명령으로 대화,로봇친구가 생긴거 같자ㅏㄴ요,멀리서 여러각도에서 찍을 수 있다,,
2025/04/12 10:04:19 오후 GMT+9,infj,로봇이 자동으로 설명을 시작하는 방식,전시회의 흐름에 맞게 자동으로 설명을 듣는 것을 더 선호.,무선이어폰으로 개별 청취,간편합니당,도슨트 로봇에 바로 블루투스 연결,연결이 더 빠를 듯!,화면 터치를 통한 조작,간편함!,추억을 남길 수 있다,,
2025/04/13 4:48:39 오후 GMT+9,INTJ,관람객이 요청하거나 버튼/앱을 눌렀을 때만 설명하는 방식,궁금한 게 생겼을 때 설명을 들어야 와닿음,로봇 내장 스피커로 청취,,도슨트 로봇에 바로 블루투스 연결,,음성 명령으로 대화,음성 명령이 제일 편함,모르겠음 ,,
2025/04/13 5:08:24 오후 GMT+9,ESFP,관람객이 요청하거나 버튼/앱을 눌렀을 때만 설명하는 방식,,무선이어폰으로 개별 청취,,도슨트 로봇에 바로 블루투스 연결,,화면 터치를 통한 조작,,셀카찍을때,,
2025/04/13 5:19:43 오후 GMT+9,MBTI 성격유형과 도슨트 프로그램의 직접적인 인과관계나 상관성은  유의미하지 않은 것으로  본다.,관람객이 요청하거나 버튼/앱을 눌렀을 때만 설명하는 방식,,무선이어폰으로 개별 청취,,개인 스마트폰 앱을 통한 연결,필자는 사소한 귀찮음이 이용 빈도와 시장의 경쟁성을 좌우한다고 본다. 로봇에 블루투스를 연결해서 사용하는 건 실용성이 떨어진다. ,QR코드,"1. 현재 AI에게 음성 명령으로 대화할 때 단 1의 불편함이나 대화의 불편함이 있다면 전시관이나 미술관의 이미지에 악영향이 갈 것이며, 모든 인간의 음성을 한번에 인식하여 대답할 수 있는 기술이 상용화되지 못하였기 때문에 실용성이 떨어진다

2. 화면 터치를 통한 조작은 화면 터치를 통해 어떤 행동을 하겠다는 건지 보충 설명이 필요해 보인다.
미술관이나 전시관에 화면 조작이 가능한 AI를 설치하여 조작한다는 것인가? 아니면 인천공항 사례와 같이 무인 AI가 지나다니면서 도와주는 그런 시스템을 말한다는 것인가? 제 3자가 봐도 쉽게 이해할 수 있었으면 좋겠다

3. 스마트폰 앱을 통한 조작은 입장하기 전 앱을 깔고 들어가야 한다는 번거로움이 있다. 이를 위해선 몇 분의 시간과 입장에 불편함이 발생할 수 있다. 입장하기 전 앱을 깔고 들어가면 불편함이 사라질 수 있다고 말할 수 있지만 전시회나 미술관의 경우 재방문률이 낮고 이용하는 사람이 한정적이며 앱 이용률이 일회성에 그친다는 점을 볼 때, 스마트폰 앱을 만드는 비용을 다른 곳에 투자하는 것이 더 합리적이라 본다.

4. 앞서 설명한 단점들을 한번에 해결할 수 있는 것이 QR코드이다. 현재 미술관이나 전시관에 도입되어 있으며, 이러한 시스템에 AI를 적용시켜, A 전시물에 다가갈 시, 설명이 바로 나오게 끔 만들면 편리하다고 본다.

한번의 QR코드로 이미 만들어져 있는 시스템에 접속하여 AI가 전시물의 정보를 들려준다면 비용도 아낄 수 있을 것으로 보인다. 또한 버스처럼 특정 위치에 도달하면 '이번 정류장은 ~고 다음은 ~이다'라는 것처럼 전시물마다 인식기를 설치하여 사용자가 해당 전시물 앞에서 10초이상 머무른다면 설명하는 식으로 하면 좋을 것으로 보인다.

현재 한진이나  CJ같은 경우 고객센터의 간단한 상담은 AI를 활용하고 있다. 전시관의 개장이나 시설정보, 화장실 등은 AI를 사용하여 안내할 수 있으면 좋을 거라 생각한다.","기능에 대한 필요성은 잘 모르겠다. 하지만, 사진을 찍어주는 기능이 있다면 혼자 전시관에 방문하여 다른 사람들처럼 행동하기 힘든 장애인들에게 도움이 될 것이라 본다.",,
2025/04/13 5:20:15 오후 GMT+9,ISTP,관람객이 요청하거나 버튼/앱을 눌렀을 때만 설명하는 방식,원하는거나 궁금한것만 고를수 있어서,무선이어폰으로 개별 청취,그 작품에만 집중 할 수 있을것 같아서,개인 스마트폰 앱을 통한 연결,개인 스마트폰은 대부분 무선 이어폰이 연결 되어있고 휴대폰 앱이면 꼭 무선 이어폰이 아니어도 가능하기 때문,음성 명령으로 대화,불필요한 행동을 줄일수 있어서,4번 질문과 연결해서 말 만으로 사진을 찍을수 있음,,
2025/04/13 5:27:56 오후 GMT+9,ISFP,관람객이 요청하거나 버튼/앱을 눌렀을 때만 설명하는 방식,다시 듣고 싶을 때가 있기 때문,무선이어폰으로 개별 청취,공공장소이기도 하고 외부소음으로 인해 작품에 집중하기 어렵기 때문,도슨트 로봇에 바로 블루투스 연결,앱 깔기 귀찮음,음성 명령으로 대화,"화면 조작하기 어려운 사람들이 있을 거라 생각 -> 다양한 연령층이 사용하기 편하다고 생각 
화면에 한정된 것만 지시할 수 있는 것이 아닌 음성 명령으로 다양한 지시를 할 수 있을 것이라 생각",인스타 올리기 가능 -> 하나의 챌린지나 유행이 된다면 마케팅 쪽으로도 의의가 있어보임 ,힘내세요,
2025/04/13 5:28:50 오후 GMT+9,INFP,관람객이 요청하거나 버튼/앱을 눌렀을 때만 설명하는 방식,"혼자 충분히 감상할 시간을 가진 뒤, 해설을 듣고 나의 감상과 비교하고 싶기 때문에 버튼을 눌렀을 때 설명해줬으면 좋겠습니다.",무선이어폰으로 개별 청취,"내장 스피커가 그림마다 있으면 옆의 로봇 설명 때문에 집중이 잘 안될 것 같고, 점점 시끄러운 분위기가 될 것 같기 때문입니다.",도슨트 로봇에 바로 블루투스 연결,앱 설치는 너무 귀찮고 싫습니다. 내가 보는 그림과 자동으로 잘 매치가 되었으면 좋겠습니다.,화면 터치를 통한 조작,비치 되어있는 직관적인 UI 화면을 통해 설명을 듣고 싶습니다.,"많은 곳에서 미술품 촬영이 금지되어있는 것으로 아는데,
로봇이 그림을 찍는 것이 아니라, 그림 맞은편에 있는 관람객을 찍어 해당 미술품과 AI로 합성을 해준다면 좋을 수도 있을 것 같습니다.",,
2025/04/13 5:30:40 오후 GMT+9,Estj,로봇이 자동으로 설명을 시작하는 방식,접근성이 가장 좋아서,로봇 내장 스피커로 청취,이어폰같은 경우에 본인꺼가 아니면 위생때문에,도슨트 로봇에 바로 블루투스 연결,앱을 까는 것보다 블루투스 연결을 더 선호,음성 명령으로 대화,모르는 점이 있다면 직접물어볼 수 있어서,.,,
2025/04/13 5:31:37 오후 GMT+9,모름,관람객이 요청하거나 버튼/앱을 눌렀을 때만 설명하는 방식,요즘 사람들은 딱히 관심을 가져주지않는 내향인이 많기때문에 필요할때만 부르는 그런 문화가 일부 적용되어있기에 선택을 했습니다.,무선이어폰으로 개별 청취,"그곳에 여러사람들과 또다른 설명인,봇들이 있으면 제대로 소리가 집중이 안되고 난잡하게 될수도 있는 그런 불편함이 존재할꺼같습니다.",개인 스마트폰 앱을 통한 연결,너무많은 로봇에 직접적으로 연결을 하면 램할당과 기타 문제가 발생우려있고 앱으로 하면 조금더 나은 연결방법을 이용할수있음,스마트폰 앱을 통한 조작,앱을 통해 조금더 나은 정보전달체계,다른사람에게 직접적으로 안물어봐도되는것,없음준호,
2025/04/13 5:34:14 오후 GMT+9,Infp,관람객이 요청하거나 버튼/앱을 눌렀을 때만 설명하는 방식,자동설명은 시끄러워하는사람이 있을수있기때문,로봇 내장 스피커로 청취,지금까지의 박물관등 다른곳을보면 스피커 청취를 하기때문에 그것이 좀더 친근해서,도슨트 로봇에 바로 블루투스 연결,간단하고 편하게 하기위해,스마트폰 앱을 통한 조작,거리가있어도 상호작용이 편하기때문,다른사람의 손을빌리지않고 찍을수있다,,
2025/04/13 5:34:18 오후 GMT+9,enfj,관람객이 요청하거나 버튼/앱을 눌렀을 때만 설명하는 방식,불필요한 소음 제거 및 필요시 설명 듣는게 좋음,로봇 내장 스피커로 청취,무선 이어폰이 없는 경우.,개인 스마트폰 앱을 통한 연결,개인 연결이 더욱 좋을거같기에,스마트폰 앱을 통한 조작,스마트 폰이 편리하기에.,잘 모르겠습니다.,없습니다 ,
2025/04/13 5:35:32 오후 GMT+9,INTP,관람객이 요청하거나 버튼/앱을 눌렀을 때만 설명하는 방식,자동은 오류가 많기도 하고 미술관이 너무 시끄러워질수 있음.,무선이어폰으로 개별 청취,1번과 비슷. 로봇 목소리가 사람 도슨트같이 조용조용할 수 있다면 스피커도 괜찮음.,도슨트 로봇에 바로 블루투스 연결,앱은 악용 가능성도 높고 노인분들이나 장애인분들에게 접근성이 떨어짐.,음성+터치,3번과 비슷.,혼자 간 사람은 편할듯. 그러나 해킹의 위험이 있으니 조심.,노인분들이나 장애인 분들도 잘 이용할 수 있으면 좋겠습니다. 예시로 청각장애인 분들은 화면의 대사로 볼수 있게 하는 것 등이 있겠네요.,
2025/04/13 5:35:51 오후 GMT+9,,관람객이 요청하거나 버튼/앱을 눌렀을 때만 설명하는 방식,,무선이어폰으로 개별 청취,,개인 스마트폰 앱을 통한 연결,,화면 터치를 통한 조작,,편할것같음,,
2025/04/13 5:42:39 오후 GMT+9,모름,로봇이 자동으로 설명을 시작하는 방식,삶의 질이 높아지고  빠른 이해로인해,로봇 내장 스피커로 청취,편리하니깐,도슨트 로봇에 바로 블루투스 연결,개인 폰으로 연결은 불편함으로,음성 명령으로 대화,바로 작동이 가능함으로,찍어주는 사람 의식하지 않고 편한 포즈을 치할수 있음,없음,
2025/04/13 5:42:40 오후 GMT+9,ISTP,관람객이 요청하거나 버튼/앱을 눌렀을 때만 설명하는 방식,굳이 설명을 안 듣고 싶은 경우도 있으니까 궁금한 부분만 들을 수 있기 위해서,로봇 내장 스피커로 청취,귀찮게 이어폰 꼈다 뺐다 하기 싫어서,도슨트 로봇에 바로 블루투스 연결,앱을 통해서 들을 수 있게 된다면 앱을 깔기 귀찮아서 궁금하더라도 안 듣고 지나치는 사람이 많을 거 같기 때문,음성 명령으로 대화,조금 더 사람과 대화하는 느낌을 얻을 수 있기 때문,"여러명에서 찍을 때 삼각대가 필요 없음, 원하는 각도를 설정하면 사람보다 더 잘 찍을 수 있을 거라는 생각",없음,
2025/04/13 5:42:41 오후 GMT+9,istj-t,관람객이 요청하거나 버튼/앱을 눌렀을 때만 설명하는 방식,관심 있는 부분만 ,무선이어폰으로 개별 청취,스피커로는 잘 안들릴 수도 ,도슨트 로봇에 바로 블루투스 연결,번거롭지 않고 간편하게,화면 터치를 통한 조작,대화보다 터치 형식으로,글세...,,
2025/04/13 5:44:06 오후 GMT+9,isfp,관람객이 요청하거나 버튼/앱을 눌렀을 때만 설명하는 방식,필요하지 않은 경우에는 귀찮게 느껴질 가능성이 높아서,로봇 내장 스피커로 청취,무선 이어폰을 개인이 준비한 걸로 연결이 된다면 모를까 나눠주는 거라면 위생이 걱정 됨 헤드셋이라면 괜찮을 거 같아요,도슨트 로봇에 바로 블루투스 연결,앱은 귀찮을 수도 있겠네용,화면 터치를 통한 조작,가장 간편할 거 같아서,이건 잘 모르겠어요,,
2025/04/13 5:44:43 오후 GMT+9,INTP,관람객이 요청하거나 버튼/앱을 눌렀을 때만 설명하는 방식,로봇의 설명을 듣지 않고 내가 스스로 생각해보고 싶을 때도 있을 것 같아서,무선이어폰으로 개별 청취,로봇 내장 스피커가 남들에게도 들리는 것이라면 시끄러울 것 같다,도슨트 로봇에 바로 블루투스 연결,개인 스마트폰 앱이면 그걸 설치해야하는데 모종의 이유로 설치 불가능한 사람도 있을 수 있다. 가령 스마트폰 사용을 하지 않는다든지,화면 터치를 통한 조작,음성 명령은 많은 사람이 미술관이나 전시관에서 적합하지 않을 듯 하다,내가 굳이 직접 사진을 안찍어도 되고 만약 도슨트 기능이 중요한 지점의 포인트를 집은 사진을 찍어주면 좋을 것 같다,,
2025/04/13 5:46:36 오후 GMT+9,Istp,상황에 따라 선택할 수 있는 옵션이 제공,단체관람의 경우에는 다 설명하는게 나을거같고 개인관람자는 필요시마다 누르는게 나을거같음,이것도 선택형,사람이 많아 시끄러울경우 이어폰 아니면 스피커도 나아보임,도슨트 로봇에 바로 블루투스 연결,미술관에서 제공하는 이어폰 혹은 헤드셋 을 로봇에 거치해두고 노래방마이크마냥 필요시 꺼내쓰는것도 나쁘지않아보임,화면 터치를 통한 조작,스마트폰앱을 쓴다면 앱을 설치하지않을경우 이용이 어렵고 앱을 설치후 회원가입절차가있다면 더욱 귀찮아할것임 음성명령을 쓴다면 주변이 시끄러울 경우 작동이 어려울수있음 ,찍어줄사람을 찾아 모르는사람한테 말을 걸지 않아도 됨,,
2025/04/13 5:50:05 오후 GMT+9,INTP,관람객이 요청하거나 버튼/앱을 눌렀을 때만 설명하는 방식,방해받지 않고 자유롭게 관람 가능,로봇 내장 스피커로 청취,"무선 이어폰의 위생 문제
어르신들은 개별 연결 및 조작이 번거로울 수 있음",도슨트 로봇에 바로 블루투스 연결,,화면 터치를 통한 조작,음성 명령 부끄러워요,"인스타그램 등 SNS 홍보 효과
관람객이 로봇이 찍어준 사진을 SNS에 공유함으로써 자연스럽게 전시 홍보 효과 발생",,
2025/04/13 5:52:57 오후 GMT+9,INFP,관람객이 요청하거나 버튼/앱을 눌렀을 때만 설명하는 방식,자동으로 설명되는 방식이면 설명을 듣기를 원하지 않는 사람또한 강제로 듣게 됨으로 요청버튼이 있을시 누르게 함으로 원하는 사람만 듣는게 좋을것 같아서 선택했습니다.,로봇 내장 스피커로 청취,무선이어폰은 고장으로 인해 듣고 싶어도 고장으로 못듣는 사람이 있을것 같기에 고장여부를 빠르게 확인 할 수 있는 스피커가 나을 거 같습니다.,개인 스마트폰 앱을 통한 연결,무선 이어폰을 연결을 해야 한다면 차라리 본인 핸드폰으로 연결을 통해 누구나 간편히 볼 수 있는게 나을거같습니다.,화면 터치를 통한 조작,보편적으로 많이 사용되는 방식이기도 하고 어린 아이들까지 고려했을때 누르며 체험하고 듣는것이 어린아이들에겐 좋은 방식이라 생각하기에,추억남기기..?,,
2025/04/13 5:56:55 오후 GMT+9,ISTJ,상황에 따라 선택할 수 있는 옵션이 제공,,무선이어폰으로 개별 청취,,개인 스마트폰 앱을 통한 연결,,음성 명령으로 대화,,인건비를줄일수있다,,
2025/04/13 6:01:14 오후 GMT+9,,관람객이 요청하거나 버튼/앱을 눌렀을 때만 설명하는 방식,불필요한 소음 방지와 사용자의 편이를 볼수있음,무선이어폰으로 개별 청취,실내/실외 사용으로 인한 타인과 불편한 공간을 해결할수있다,개인 스마트폰 앱을 통한 연결,개인 스마트폰으로 앱을 사용함으로 전력 낭비를 줄일수있음,음성 명령으로 대화,음성 명령으로 인해 어른 아이도 손쉽게 조작이 가능하다,가족사진 연인과의 추억을 편하게 담을수있어 좋을것갔다,"대한민국 IT 산업 중심에서 노약자 아이를 위한 편이성이
중요시 되어야함",
2025/04/13 6:05:55 오후 GMT+9,INFJ,관람객이 요청하거나 버튼/앱을 눌렀을 때만 설명하는 방식,필요시 설명해주는 것이 좋아서,로봇 내장 스피커로 청취,스피커로 듣고싶어서,도슨트 로봇에 바로 블루투스 연결,블루투스가 빨라서,음성 명령으로 대화,음성으로 상호교류,그림과 사진 찍을수 있을듯!,감사합니다,
2025/04/13 6:09:34 오후 GMT+9,ISTJ,관람객이 요청하거나 버튼/앱을 눌렀을 때만 설명하는 방식,필요할때 설명을 해줄 수 있어서,무선이어폰으로 개별 청취,무선이어폰이 편해서,개인 스마트폰 앱을 통한 연결,스마트폰이 좋아서,음성 명령으로 대화,음성이 편하니까,단체사진을 찍을 때 편함,,
2025/04/13 6:09:43 오후 GMT+9,ENFP,관람객이 요청하거나 버튼/앱을 눌렀을 때만 설명하는 방식,관심 없는 작품 옆으로 지나갈 때 인식되어 설명이 자동으로 나오면 불편할 것이라고 생각,무선이어폰으로 개별 청취,"도슨트 AI 사용 위치를 고려하면 조용히 해야하는 박물관, 미술관 같은 곳에서는 남에게 피해가 되어선 안된다고 생각되기에 내장 스피커는 안된다고 생각",둘다,이에 대한 선호도는 반반정도로 예상되기에 둘다 가능하면 좋을것 같음,화면 터치를 통한 조작,Q2에서와 같이 남에게 피해를 주면 안된다고 생각됨,미술관에서 사진을 찍으면 안되는 이유가 있듯이 사진을 찍었을 때 저작권같은 불이익이 생길 수 있기때문에 가능하다면 찍으면 안되는 사진에 자동 필터링이 되는 AI 기술을 넣어줬으면 좋겠음,없습니다,
2025/04/13 6:11:20 오후 GMT+9,모름,로봇이 자동으로 설명을 시작하는 방식,지나가다가 설명을 들으면 작품에대한 호기심을 유발시킬수 있기 때문 ,로봇 내장 스피커로 청취,,개인 스마트폰 앱을 통한 연결,,스마트폰 앱을 통한 조작,,추억남기기,,
2025/04/13 6:14:00 오후 GMT+9,ISFP,로봇이 자동으로 설명을 시작하는 방식,"관람객이 별도로 버튼을 누르거나 요청하지 않아도 로봇이 자동으로 설명을 시작하면 편리성과 접근성이 높아지기 때문이고,  어린이나 고령자, 기계 조작에 익숙하지 않은 사람들도 쉽게 정보를 얻을 수 있다.",로봇 내장 스피커로 청취,로봇 내장 스피커를 통해 설명을 들으면 별도의 기기를 대여하거나 연결할 필요 없이 누구나 쉽게 정보를 들을 수 있어 편리하고 직관적이기 때문이다.,개인 스마트폰 앱을 통한 연결,"개인 스마트폰 앱을 통해 무선 이어폰을 연결하면 개인의 스마트폰과 익숙한 환경에서 편리하게 사용할 수 있고, 불필요한 기기 대여 없이 자신의 기기만으로 설명을 들을 수 있어 위생적이고 효율적이기 때문이다.",음성 명령으로 대화,"음성 명령은 손을 사용하지 않아도 되어 직관적이고 편리하고, 로봇에게 말을 걸면 바로 반응하므로 자연스럽고 생동감 있는 상호작용이 가능하다. 그리고  전시장처럼 손이 자유롭지 못한 공간에서도 효율적인 소통이 이루어질 수 있기 때문이다.",도슨트 AI 로봇이 사진을 찍어준다면 관람객은 전시에 집중하면서도 자연스럽게 추억을 남길 수 있는 장점이 있다. 사진 촬영을 부탁하거나 삼각대를 세울 필요 없이 적절한 각도와 구도로 전문가처럼 자동 촬영을 해주면 편리할 것 같다. ,없음.,
2025/04/13 6:17:48 오후 GMT+9,ISFP,상황에 따라 선택할 수 있는 옵션이 제공,관람객의 자유도를 높이기위,로봇 내장 스피커로 청취,지나가다 다른쪽 설명을 듣고 감상 할수도 있어서,개인 스마트폰 앱을 통한 연결,로봇에 새로 무선 이어폰을 연결하려면 번거롭다,화면 터치를 통한 조작,로봇에 직접 입력하는게 직관적이고 편하다,인스타 인증,,
2025/04/13 6:18:53 오후 GMT+9,ENFJ,관람객이 요청하거나 버튼/앱을 눌렀을 때만 설명하는 방식,"세가지 중 가장 무난
관람의 목적은 관람이기에 선택사항으로 두는것이 옳다 판단",로봇 내장 스피커로 청취,친근감과 이질감이 들지 않을거같음,도슨트 로봇에 바로 블루투스 연결,"개인 폰으로 할 경우 굳이?
하면서 안 들을거같음",음성 명령으로 대화,"관람에 설명은 어디까지너 뷰가적인 요소이기 때문에
스마트폰 화먄터치등은 과하다 생각",스마트폰으로 찍은 사진 air drop 블루투스 연결 내역을 통해 전달,,
2025/04/13 6:20:20 오후 GMT+9,lnfp,관람객이 요청하거나 버튼/앱을 눌렀을 때만 설명하는 방식,먼저 내가 보고 그 이후에 설명을 듣고 싶어서,로봇 내장 스피커로 청취,무선 이어폰으로 하면 다같이 관람하는 사람들끼리 소통에 문제가 생길 수 도 있어서,도슨트 로봇에 바로 블루투스 연결,바로 연결하는게 불편함 없이 편할꺼 같아서,화면 터치를 통한 조작,도슨트 ai 로봇과의 화면터치 상호작용이 보기에 편하고 실용적일꺼 같아서,우리가 직접 사진을 찍을 필요 없이 도슨트 ai가 사진을 찍어주는 편안함이 장점,,
2025/04/13 6:20:48 오후 GMT+9,INTP,로봇이 자동으로 설명을 시작하는 방식,흥미있는 사람들은 이미 찾아본다 흥미없는 사람들의 관심이 갖는게 중요하기 때문,무선이어폰으로 개별 청취,,도슨트 로봇에 바로 블루투스 연결,,화면 터치를 통한 조작,,무분별한 개인 휴대기기의 플래쉬로 인한 작품 훼손이 없으니 좋을것 같다,,
2025/04/13 6:21:45 오후 GMT+9,,상황에 따라 선택할 수 있는 옵션이 제공,설명을 듣고 싶을 때도 있고 그렇지 않을 때도 있기때문이다.,무선이어폰으로 개별 청취,"주변 소음에 방해받지 않고 설명에 더 집중할 수 있기 때문입니다. 또한, 개인적인 청취가 가능해서 다른 사람에게 방해가 되지 않는 점도 장점이라고 생각합니다.",도슨트 로봇에 바로 블루투스 연결,로봇과 직접 블루투스로 연결하는 방식이 더 빠르고 편리하다고 생각해서 선택했습니다. 별도의 앱을 사용할 필요가 없다는 점도 장점입니다.,화면 터치를 통한 조작,"음성 명령이나 스마트폰 앱 사용이 익숙하지 않은 사람들에게도 적합하기 때문입니다.
",혼자 갈때 AI 로봇이 사진 찍어주 수 있는 장점,,
2025/04/13 6:26:19 오후 GMT+9,,관람객이 요청하거나 버튼/앱을 눌렀을 때만 설명하는 방식,사용할줄 모르는 사람들이 있기때문에,무선이어폰으로 개별 청취,,도슨트 로봇에 바로 블루투스 연결,,화면 터치를 통한 조작,,혼자 방문한 사람들은 괜찮을것 같다,,
2025/04/13 6:32:48 오후 GMT+9,ENTJ,관람객이 요청하거나 버튼/앱을 눌렀을 때만 설명하는 방식,조용하게 관람을 하고 싶을 때 로봇이 자동으로 설명을 한다면 방해가 된다고 생각했다.,무선이어폰으로 개별 청취,다른 관람객에게 방해가 될 수 있다고 생각했다.,개인 스마트폰 앱을 통한 연결,평소에 쓰던 핸드폰에 연결하는 것이 제일 편리하다고 생각이 든다.,스마트폰 앱을 통한 조작,음성 명령은 말을 할 수 없는 사람이 이용하기 힘들 것 같다고 생각이 들어서.,관람하는 모습을 자연스럽게 사진 찍을 수 있고 혼자 가는 경우에도 사진을 찍을 수 있어서 좋겠다.,,
2025/04/13 6:37:09 오후 GMT+9,,상황에 따라 선택할 수 있는 옵션이 제공,간단하게 이용하는 거예요,무선이어폰으로 개별 청취,남에게 관찮지 않게 언제든지 어디든지 들려주는거예요 ,개인 스마트폰 앱을 통한 연결,더 편하다고 생각이에요,음성 명령으로 대화,빠르게 이용,아름다운 순간을 포착,,
2025/04/13 6:44:22 오후 GMT+9,모르겠음,관람객이 요청하거나 버튼/앱을 눌렀을 때만 설명하는 방식,자동으로 설명하면 사람들 서 있는곳마다 음성이 나와서 너무 시끄러울것 같아요,무선이어폰으로 개별 청취,지나갈때 음성이 나오면 부담스러워서 그림을 제대로 보지 않고 빨리 지나갈것 같아요,도슨트 로봇에 바로 블루투스 연결,굳이 앱까지 깔아서 설명을 들으려 할까요?,음성 명령으로 대화,가장 편리 하니깐..,어플없이 이미지 보정해줄것 같아요,없음,
2025/04/13 6:46:23 오후 GMT+9,INTP,관람객이 요청하거나 버튼/앱을 눌렀을 때만 설명하는 방식,듣고 싶은 타이밍에 듣는 것이 제일 나을 것 같다고 생각해서,무선이어폰으로 개별 청취,듣고 싶은 사람만 들으면 되기 때문,도슨트 로봇에 바로 블루투스 연결,빠르고 편리하게 앱을 설치 하지 않고도 들을 수 있기 때문,화면 터치를 통한 조작,음성 명령은 인식을 잘 못할 것 같고 스마트폰 앱을 통하려면 선제조건이 있어야 할 것 같아서,이벤트성으로 추억을 남길 수 있다(?),,
2025/04/13 6:48:37 오후 GMT+9,INTJ,로봇이 자동으로 설명을 시작하는 방식,,로봇 내장 스피커로 청취,,개인 스마트폰 앱을 통한 연결,,화면 터치를 통한 조작,,혼자 박물관에 방문해도 본인 사진을 찍을 수 있다는 점,,
2025/04/13 7:12:19 오후 GMT+9,INFP,관람객이 요청하거나 버튼/앱을 눌렀을 때만 설명하는 방식,,로봇 내장 스피커로 청취,,개인 스마트폰 앱을 통한 연결,,스마트폰 앱을 통한 조작,,추억사진?,,
2025/04/13 7:52:07 오후 GMT+9,ISTP,상황에 따라 선택할 수 있는 옵션이 제공,,로봇 내장 스피커로 청취,,개인 스마트폰 앱을 통한 연결,,스마트폰 앱을 통한 조작,,다른 사람한테 사진을 찍어달라고 할 필요가 없어진다,,
2025/04/13 9:19:48 오후 GMT+9,isfp,관람객이 요청하거나 버튼/앱을 눌렀을 때만 설명하는 방식,,무선이어폰으로 개별 청취,,도슨트 로봇에 바로 블루투스 연결,,화면 터치를 통한 조작,,모르겠음,,
2025/04/13 9:27:16 오후 GMT+9,isfp,관람객이 요청하거나 버튼/앱을 눌렀을 때만 설명하는 방식,원할때만 설명 듣고 싶다!,무선이어폰으로 개별 청취,다함께 들으면 잘 못알아들을 것 같다,도슨트 로봇에 바로 블루투스 연결,앱깔기 귀찮을것같다,화면 터치를 통한 조작,음성명령은 약간 부끄러울듯..,Sns에 올릴것 같다,없어용,
2025/04/13 9:51:14 오후 GMT+9,INFJ,상황에 따라 선택할 수 있는 옵션이 제공,기능이 필요에 의해서만 작동해야 불편함 없이 사용 가능,로봇 내장 스피커로 청취,"로봇 내장 스피커로 사용할 경우 주위 사람들이 청취 가능하며 그림 앞에 있지 않고 거리가 있는 곳에 있어도 청취 가능하며, 해당 기능을 인지할 수 있음",내장 스피커,보안 문제나 블루투스 연결 및 끊기가 번거로울 수 있음,화면 터치를 통한 조작,"모든 기능하면 좋지만, 해당 기능을 사용하는 유형에서 가장 취약한 대상이 노인 및 어린아이 일 경우를 대비하여 가장 선택 가능하기 편한 방식인 화면 터치 방식이 좋다고 생각함 키오스크도 화면 터치 기능을 사용하는 것 처럼",해당 장소를 방문 했다는 추억을 남길 수 있음,5번 단점 초상권 침해가 우려됨,
2025/04/13 10:04:14 오후 GMT+9,ENFP,상황에 따라 선택할 수 있는 옵션이 제공,다양하고 모든 상황에따라 '나만의 방식'을 고려할 수 있는 옵션이 제공된다면 좋겠다고 생각합니다.,로봇 내장 스피커로 청취,만약에 제가 보고 있는 도슨트 로봇이 그림을 통해 음성설명을 내장스피커를 통해 바로 들려준다면 그림을 보면서 한눈에 이해하기 쉬울거 같았습니다. ,개인 스마트폰 앱을 통한 연결,,스마트폰 앱을 통한 조작,스마트폰 앱을 통한 조작이 익숙해서.,"기록과 보관, 교육, 취미 등 다양한 분야에서 활용할 수 있다.",,
2025/04/13 10:05:32 오후 GMT+9,Infp,상황에 따라 선택할 수 있는 옵션이 제공,,무선이어폰으로 개별 청취,,도슨트 로봇에 바로 블루투스 연결,,스마트폰 앱을 통한 조작,,잘 모르겠음,,
2025/04/13 10:10:11 오후 GMT+9,ENFP,상황에 따라 선택할 수 있는 옵션이 제공,,로봇 내장 스피커로 청취,,도슨트 로봇에 바로 블루투스 연결,,음성 명령으로 대화,,,,
2025/04/13 10:14:49 오후 GMT+9,Esff t ,관람객이 요청하거나 버튼/앱을 눌렀을 때만 설명하는 방식,,무선이어폰으로 개별 청취,,도슨트 로봇에 바로 블루투스 연결,,화면 터치를 통한 조작,,,,
2025/04/13 10:20:49 오후 GMT+9,ISTP,상황에 따라 선택할 수 있는 옵션이 제공,"일단 기본적으로 자동 설명 방식을 사용하면 버튼을 눌러 재생시키는 것에 어색한 나이드신 분들도 설명을 쉽게 들을 수 있을것 같다.
또한 부분적으로 버튼/앱을 통해 자신이 원하는 곳을 다시 재생시킬수 있게 한다면, 자신이 못 들었거나 해서 다시 듣고 싶은 부분을 들을수 있어 좋다.","로봇 내장 스피커를 기본으로 하되, 원하는 사람은 자신의 이어폰에 연결 가능한 방법","로봇 내장 스피커를 기본으로 하면서, 원하는 사람은 선택적으로 자신의 무선이어폰과 연결해서 들을 수 있게 하면 주변 소음이 신경 쓰이고 혼자 조용히(노이즈캔슬링 등) 듣고 싶은 사람에게 도움이 될것 같다.",개인 스마트폰 앱을 통한 연결,"그럴 일은 없겠지만 아무래도 외부기기에 연결을 꺼려하거나 걱정하는 사람들도 있을 수 있기에 개인 스마트폰 연결이 좋을 것 같다.
또한, 개인 스마트폰에 연결하는 방법은 대부분의 사람들이 이미 숙지하고 있어 그자리에 설명서가 없어도 가능할것이기 때문이다.","음성 명령을 기본으로 하고, 스마트폰 앱을 통한 조작도 가능하게?",,"박물관, 미술관 등 방문하고 레포트를 써야할 때 인증 사진 가능...?",준호 화이팅 ㅎ,
2025/04/13 10:27:51 오후 GMT+9,ESNJ,관람객이 요청하거나 버튼/앱을 눌렀을 때만 설명하는 방식,작품을 감상할 때 방해받고 싶지 않아서 필요할 때 직접 버튼을 누르거나 앱으로 설명을 듣는 게 더 편할 것 같아요. 이렇게 하면 제가 원하는 타이밍에 설명을 들을 수 있어서 집중도 잘 돼요.,로봇 내장 스피커로 청취,"전시 관람할 때 이어폰을 따로 챙기지 않는 경우가 많고, 로봇 스피커로 들으면 같이 온 사람과도 설명을 함께 들을 수 있어서 좋아요. 단, 다른 관람객에게 방해되지 않도록 적당한 볼륨 조절은 필요할 것 같아요.",도슨트 로봇에 바로 블루투스 연결,"앱을 따로 설치하지 않아도 되고, 로봇에 블루투스로 바로 연결하는 방식이 더 간편하고 빠를 것 같아요. 특히 단기 방문자나 외국인 관람객에게도 유용할 것 같아요",화면 터치를 통한 조작,화면을 터치해서 조작하는 게 더 직관적이고 조용한 박물관 환경에서도 편하게 사용할 수 있을 것 같아요. 음성 명령보다는 정확하게 원하는 메뉴를 선택할 수 있어서 좋아요,"혼자 관람하러 갔을 때도 작품과 함께 멋진 사진을 남길 수 있어서 좋아요. 다른 사람에게 부탁하지 않아도 되고, 로봇이 좋은 구도로 찍어주면 추억을 더 예쁘게 기록할 수 있을 것 같아요",,
2025/04/13 10:28:16 오후 GMT+9,네 알고 있어요,상황에 따라 선택할 수 있는 옵션이 제공,최대의 효율적으로 ,로봇 내장 스피커로 청취,편리함,도슨트 로봇에 바로 블루투스 연결,사용히기 쉬어서 ,음성 명령으로 대화,빨라서 ,있면 사용자들이 많아짐,의견이 많아서 여기 얘기할 건 충분하지 않음,
2025/04/13 10:28:43 오후 GMT+9,INFJ,상황에 따라 선택할 수 있는 옵션이 제공,필요한 내용만 설명을 듣는다면 시간 절약과 함께 로봇 이용에 대한 회전율도 빠를 거 같음,무선이어폰으로 개별 청취,그림이 한 공간에 하나만 있는 것은 아니기때문에 다른 그림에 대한 설명 오디오가 겹치거나 관람에 방해가 될 수 있을 거 같음,개인 스마트폰 앱을 통한 연결,연결 오류 등의 문제를 해결하기에는 개인 스마트폰이 좋을 듯해서,스마트폰 앱을 통한 조작,관람객끼리의 관람 시점이 다를 수 있고 동선의 자유도를 위해 개인 스마트폰이 좋을 거 같음,"모든 일행이 나오도록 사진을 찍어야할 때, 보통 다른 관람객에게 부탁하게 되는데 서로의 관람을 방해하지 않고 사진을 찍을 수 있는 부분이 장점이라고 생각함",,
2025/04/13 10:31:40 오후 GMT+9,INFP,상황에 따라 선택할 수 있는 옵션이 제공,편하기 때문이다,무선이어폰으로 개별 청취,무선 이어폰을 쓰면 주변 사람에게 영향을 미치지 않다,개인 스마트폰 앱을 통한 연결,,스마트폰 앱을 통한 조작,,혼자도 사진을 찍을 수 이다. 다른 사람의 도움이 필요없다,,
2025/04/13 10:37:48 오후 GMT+9,isfp,상황에 따라 선택할 수 있는 옵션이 제공,상황에 따라 유연하게 사용하고 싶음,로봇 내장 스피커로 청취,편리함,개인 스마트폰 앱을 통한 연결,다수가 동시에 듣기 좋음,화면 터치를 통한 조작,편하고 빠름,누군가에게 부탁하지 않아도 됨,없음,
2025/04/13 11:55:55 오후 GMT+9,ISTJ,상황에 따라 선택할 수 있는 옵션이 제공,편하게 이용할 수 있음 ,무선이어폰으로 개별 청취,다른 사람의 소음에 방해받지 않고 더욱 집중해서 설명을 들을 수 있을 것 같아서,개인 스마트폰 앱을 통한 연결,이어폰의 음량이나 설정을 조절하기 쉽고여러 기기 간 연결을 보다 유연하게 관리할 수 있어서,화면 터치를 통한 조작,화면을 직접 터치하여 직관적으로 명령을 내릴 수 있어서 ,편리함,,
2025/04/14 12:22:36 오전 GMT+9,ISFP,관람객이 요청하거나 버튼/앱을 눌렀을 때만 설명하는 방식,편하다,무선이어폰으로 개별 청취,편하다,개인 스마트폰 앱을 통한 연결,편하다,음성 명령으로 대화,편하다,없음,옶음,
2025/04/14 2:28:17 오전 GMT+9,INFJ,로봇이 자동으로 설명을 시작하는 방식,"로봇이 자동으로 설명을 시작하는 방식이 더 편리하고 직관적이라고 생각한다. 관람객이 별도로 조작하지 않아도 되어 접근성이 높고, 누구나 쉽게 정보를 얻을 수 있기 때문이다.
",로봇 내장 스피커로 청취,로봇 내장 스피커로 설명을 들으면 별도의 장비 없이도 누구나 쉽게 설명을 들을 수 있어서 편리하다고 생각한다. 특히 단체 관람이나 짧은 시간 안에 많은 사람들이 이용할 경우 효율적이기 때문이다.,개인 스마트폰 앱을 통한 연결,앱을 통해 연결하면 사용자 맞춤 설정이나 정보 저장 기능 등 다양한 기능을 활용할 수 있어 더 유용하다고 생각한다.,음성 명령으로 대화,음성 명령을 통해 대화하는 방식이 가장 직관적이고 손을 사용하지 않아도 되어 편리하다고 생각한다. 전시 관람 중 손이나 시선을 다른 데로 돌리지 않아도 되므로 몰입감 있는 관람이 가능하다.,,,
2025/04/14 3:23:54 오전 GMT+9,esfj,관람객이 요청하거나 버튼/앱을 눌렀을 때만 설명하는 방식,나에게 불필요한 설명을 생략할 수 있어서 혹은 나에게 필요한 설명만 제공받을 수 있어서,로봇 내장 스피커로 청취,단체로 설명을 들어야할 때 편리할 것 같음,도슨트 로봇에 바로 블루투스 연결,덜 번거롭고 더 빠르게 연결할 수 있을 것 같음,화면 터치를 통한 조작,"다른 문항보다 편해서 (음성명령-음성인식오류 가능성, 스마트폰 앱-스마트폰 소지 필수 번거로움)",사진으로 기록할 수 있어서 그 순간을 간직하기 좋음,설명을 음성으로 들려주는 기능 뿐만아니라 자막같이 글로 보여주는 기능도 있으면 좋을 것 같아요,
2025/04/14 3:26:31 오전 GMT+9,,상황에 따라 선택할 수 있는 옵션이 제공,로봇기능이 가능한 일이 있고 불가능한 일이 있기 때문입니다.,로봇 내장 스피커로 청취,스피커가 듣기 좋아서,개인 스마트폰 앱을 통한 연결,스마트폰으로 하면 본인이 손으로 컨트롤도 가응하기 때문,스마트폰 앱을 통한 조작,조작옵션이 있기때문,단체사진,,
2025/04/14 3:43:28 오전 GMT+9,Istj,로봇이 자동으로 설명을 시작하는 방식,몰라여,무선이어폰으로 개별 청취,몰라요,도슨트 로봇에 바로 블루투스 연결,몰라요,화면 터치를 통한 조작,몰라요,몰라요,몰라요,
2025/04/14 10:08:36 오전 GMT+9,ISTP,상황에 따라 선택할 수 있는 옵션이 제공,필요한 내용만 듣고싶음,무선이어폰으로 개별 청취,남들과 사운드 겹치고싶지 않음,개인 스마트폰 앱을 통한 연결,,스마트폰 앱을 통한 조작,제일 편할거같아서,,,
2025/04/14 10:12:18 오전 GMT+9,ENTP,관람객이 요청하거나 버튼/앱을 눌렀을 때만 설명하는 방식,개개인마다 궁금한 작품만 부연설명을 듣는 것이 감상에 방해되지 않을 것으로 생각됨,무선이어폰으로 개별 청취,Q1과 비슷한 맥락으로 사람마다 작품에 대해 궁금한 점이나 배경지식등의 차이가 있기때문,도슨트 로봇에 바로 블루투스 연결,앱은 귀찮아서 사람들이 이용하지 않을 듯,화면 터치를 통한 조작,,1인 관람시에 유용할 듯,"현재 박물관이나 미술관에도 전용 이어폰이나 헤드셋으로 작품에 대한 설명을 들을 수 있는것으로 아는데 이와 차별된 점이 필요할 듯.
ChatGpt같은 기능이 되어있는 로봇이 현장에서 설명해줘서 서로 상호작용이 되는 시스템이라면 긍정적으로 보임.",
2025/04/14 10:40:24 오전 GMT+9,entj,상황에 따라 선택할 수 있는 옵션이 제공,"사람이 하는 시간대 별 도슨트를 선호하는 건 상황에 따른 유동적 반응과 별도의 조작이 필요 없는 편의성이라고 생각함. 따라서 사람을 대체 하는게 주요한 문제이고, 이는 iot와 접목하여 해당 전시물에 접근 시 자동 재생을 하거나 도슨트를 듣겠냐는 알럿 메세지 등으로 알림이 오는 등의 사용자 편의성이 중요하다고 생각됨. 또한 관람객이 꼭 전시물을 순서대로 볼거란 보장이 없음.. ",로봇 내장 스피커로 청취,무선 이어폰을 대여하지 않는 이상 모든 관람객이 이어폰을 소지하고 있어야 하는 문제가 있어서,개인 스마트폰 앱을 통한 연결,블루투스 생각보다 오래 걸려서 번거로움,화면 터치를 통한 조작,가장 직관적임. 고령자나 음성을 내지 못하는 사람이 쓰기에도 화면 터치가 가장 적절하다고 생각됨,"관람객입장에서는 크게 유의미하지 않다고 생각됨. 대부분의 전시물은 사진 촬영이 불가능하고, 촬영이 가능하다면 단체사진찍기나 자연스러운 관람객의 모습을 남길 수 있다 정도 / 사용할 업체 입장에서는 보안 관련 문제에 장단이 있을 거 같은데 파손이나 기타 전시물 안전에 관해서 감시 카메라를 대체할 수 있을 거 같음 단점은 관람객이 불쾌해 할 수 있어서 도슨트 시작 전에 안내메세지를 출력하거나, 기능을 on/off 할  수 있도록 해야할듯","단순 작품에 대한 설명만 늘어놓는 AI보다는 관람객이 작품에 관한 질문을 할 수 있다던지, 반대로 작품에 관한 의견을 관람객에게 묻는다던지 하는 상호작용 기능이 다양하게 있다면 재밌을 거 같아요 개인적으로 도슨트를 들을 때 작품에 관한 단편적 사실보다는 당시의 시대상이나 작가의 삶에 대해 자세한 설명과 알지 못하던 내용을 알려줘서 재밋고 오디오 대여보다 선호하는데 이 부분을 대체할 수 있다면 유용할 거 같습니다.",
2025/04/14 10:57:38 오전 GMT+9,ISTP,관람객이 요청하거나 버튼/앱을 눌렀을 때만 설명하는 방식,다른로봇이랑 겹치면 관람방해,무선이어폰으로 개별 청취,다른 로봇이랑 겹치면 관람방해,도슨트 로봇에 바로 블루투스 연결,앱으로 하는건 확실히 귀찮음,화면 터치를 통한 조작,많은 관람객 사이에서 음성 인식의 불확실성,젊은 인스타 사용 관람객의 흥미 유도,화이팅ㅎ,
2025/04/14 11:45:53 오전 GMT+9,INFP,관람객이 요청하거나 버튼/앱을 눌렀을 때만 설명하는 방식,자꾸 따라다니면 부담스럽습니다.,로봇 내장 스피커로 청취,귀에 무언가 있으면 답답할 것 같습니다.,굳이 앱까지 활용하면서 들을 필요가 있을까 생각이 듭니다.,.,화면 터치를 통한 조작,휴대폰으로 무언가 하는 것보다 바로 앞에 있는 아이가 접근성 면에서나 휴대폰 앱을 설치하지 않아도 된다는 장점.,,,
2025/04/14 11:51:15 오전 GMT+9,,관람객이 요청하거나 버튼/앱을 눌렀을 때만 설명하는 방식,"관람의 자율성: 관람객이 보고 싶은 전시를 자신만의 속도로 자유롭게 감상할 수 있어요. 원하지 않을 때 자동으로 설명이 시작되면 집중이 흐트러질 수 있기 때문이죠.
소음 최소화: 자동 설명이 계속 재생되면 주변이 시끄러울 수 있는데, 필요한 경우에만 설명을 들을 수 있어 조용한 관람 환경을 유지할 수 있습니다.
",무선이어폰으로 개별 청취,"주변 소음 없이 몰입해서 설명을 들을 수 있고, 다른 관람객에게 방해를 주지 않아서입니다.",개인 스마트폰 앱을 통한 연결,"스마트폰으로 연결하면 익숙하고 안정적으로 사용할 수 있으며, 앱을 통해 볼륨 조절이나 설명 반복 재생 등 추가 기능도 활용할 수 있기 때문입니다.",스마트폰 앱을 통한 조작,"개인 스마트폰은 익숙하고 사용이 편리하며, 앱을 통해 다양한 기능을 손쉽게 제어하거나 개인화된 설정을 할 수 있기 때문입니다.
또한, 음성이나 터치보다 정확하고 조용하게 조작할 수 있는 점도 장점입니다.","혼자서도 편리하게 사진을 찍을 수 있고, 로봇이 최적의 구도로 전시 공간에 맞게 촬영해줘 고품질의 사진을 쉽게 얻을 수 있기 때문입니다.",없습니다,
2025/04/14 3:14:11 오후 GMT+9,Isfp,관람객이 요청하거나 버튼/앱을 눌렀을 때만 설명하는 방식,자동설명하면 사람 지나갈때마다 말할테니 시끄러워서,무선이어폰으로 개별 청취,시끄러우면 작품감상에 방해되니까,도슨트 로봇에 바로 블루투스 연결,앱깔기 귀찮음 굳이 그렇게까지하면서 설명 듣고싶지않음,화면 터치를 통한 조작,앱은 귀찮고 음성은 발음 이슈,필요없는디요,사진 안찍어도 됭,
2025/04/15 1:20:55 오후 GMT+9,,관람객이 요청하거나 버튼/앱을 눌렀을 때만 설명하는 방식,원하는 고객들에 한해 설명 가능,로봇 내장 스피커로 청취,개별 이어폰을 소장하지 못하고 오더라도 청취 가능,개인 스마트폰 앱을 통한 연결,다수의 인원이 한 기기에 연결했을 경우 발생되는 보안취약 등의 문제,음성 명령으로 대화,,기념 및 추억소장,,
2025/04/15 8:40:08 오후 GMT+9,,상황에 따라 선택할 수 있는 옵션이 제공,,로봇 내장 스피커로 청취,,도슨트 로봇에 바로 블루투스 연결,,음성 명령으로 대화,,,,
2025/04/16 1:25:56 오전 GMT+9,INFP,로봇이 자동으로 설명을 시작하는 방식,빠르게 로봇의 정보 알 수 있어서,로봇 내장 스피커로 청취,더 효과적인 성능 바로 확인 할 수 있어서,개인 스마트폰 앱을 통한 연결,"주인이 스스로 원격 조절 가능, 편리함 좋음",음성 명령으로 대화,멀리 있을 때도 이용 가능,기록 남길 수 있는 기능 활성화,,
